-- MySQL dump 10.13  Distrib 8.0.44, for Win64 (x86_64)
--
-- Host: interchange.proxy.rlwy.net    Database: reto_db
-- ------------------------------------------------------
-- Server version	9.4.0

/*!40101 SET @OLD_CHARACTER_SET_CLIENT=@@CHARACTER_SET_CLIENT */;
/*!40101 SET @OLD_CHARACTER_SET_RESULTS=@@CHARACTER_SET_RESULTS */;
/*!40101 SET @OLD_COLLATION_CONNECTION=@@COLLATION_CONNECTION */;
/*!50503 SET NAMES utf8 */;
/*!40103 SET @OLD_TIME_ZONE=@@TIME_ZONE */;
/*!40103 SET TIME_ZONE='+00:00' */;
/*!40014 SET @OLD_UNIQUE_CHECKS=@@UNIQUE_CHECKS, UNIQUE_CHECKS=0 */;
/*!40014 SET @OLD_FOREIGN_KEY_CHECKS=@@FOREIGN_KEY_CHECKS, FOREIGN_KEY_CHECKS=0 */;
/*!40101 SET @OLD_SQL_MODE=@@SQL_MODE, SQL_MODE='NO_AUTO_VALUE_ON_ZERO' */;
/*!40111 SET @OLD_SQL_NOTES=@@SQL_NOTES, SQL_NOTES=0 */;

--
-- Table structure for table `especie`
--

DROP TABLE IF EXISTS `especie`;
/*!40101 SET @saved_cs_client     = @@character_set_client */;
/*!50503 SET character_set_client = utf8mb4 */;
CREATE TABLE `especie` (
  `ID_especie` int NOT NULL AUTO_INCREMENT,
  `Nombre` varchar(50) NOT NULL,
  `Frecuencia_riego` int DEFAULT NULL,
  `Temperatura_min` decimal(4,1) DEFAULT NULL,
  `Temperatura_max` decimal(4,1) DEFAULT NULL,
  `Humedad_min` decimal(4,1) DEFAULT NULL,
  `Humedad_max` decimal(4,1) DEFAULT NULL,
  `Luz_min` decimal(4,1) DEFAULT NULL,
  `Luz_max` decimal(4,1) DEFAULT NULL,
  `HumedadT_min` decimal(4,1) DEFAULT NULL,
  `HumedadT_max` decimal(4,1) DEFAULT NULL,
  PRIMARY KEY (`ID_especie`)
) ENGINE=InnoDB AUTO_INCREMENT=37 DEFAULT CHARSET=utf8mb4 COLLATE=utf8mb4_0900_ai_ci;
/*!40101 SET character_set_client = @saved_cs_client */;

--
-- Dumping data for table `especie`
--

/*!40000 ALTER TABLE `especie` DISABLE KEYS */;
INSERT INTO `especie` VALUES (1,'TomateRoma',24,20.0,30.0,60.0,80.0,80.0,100.0,60.0,80.0),(2,'Cilantro',24,18.0,26.0,60.0,80.0,70.0,90.0,60.0,75.0),(3,'Nopal',168,18.0,35.0,30.0,50.0,90.0,100.0,25.0,45.0),(4,'ChileSerrano',25,22.0,32.0,60.0,75.0,85.0,100.0,60.0,75.0),(5,'CalabacitaItaliana',36,20.0,28.0,60.0,75.0,80.0,100.0,55.0,70.0),(6,'EloteCriollo',48,20.0,30.0,50.0,70.0,85.0,100.0,50.0,70.0),(7,'Epazote',36,18.0,28.0,60.0,80.0,70.0,90.0,55.0,70.0),(8,'RábanoRojo',24,16.0,25.0,60.0,80.0,70.0,90.0,60.0,80.0),(9,'LechugaRomana',24,15.0,25.0,70.0,90.0,60.0,80.0,70.0,85.0),(10,'FrijolPinto',48,20.0,30.0,50.0,70.0,80.0,100.0,50.0,70.0),(11,'PerejilHuerta',36,18.0,25.0,60.0,80.0,70.0,90.0,65.0,80.0),(12,'CebollaCambray',48,15.0,25.0,50.0,70.0,80.0,100.0,50.0,70.0),(13,'Sábila',120,12.0,30.0,30.0,60.0,70.0,100.0,20.0,40.0),(14,'ZanahoriaSativus',48,10.0,24.0,60.0,80.0,60.0,90.0,55.0,70.0),(15,'PapaAlpha',72,7.0,21.0,65.0,85.0,50.0,85.0,60.0,75.0),(16,'ArándanoAzul',48,5.0,25.0,70.0,90.0,50.0,80.0,65.0,85.0),(17,'FrambuesaRubus',36,7.0,24.0,65.0,85.0,50.0,85.0,65.0,85.0),(18,'FresaJardin',24,15.0,25.0,60.0,80.0,80.0,100.0,60.0,80.0);
/*!40000 ALTER TABLE `especie` ENABLE KEYS */;

--
-- Table structure for table `especie_fake`
--

DROP TABLE IF EXISTS `especie_fake`;
/*!40101 SET @saved_cs_client     = @@character_set_client */;
/*!50503 SET character_set_client = utf8mb4 */;
CREATE TABLE `especie_fake` (
  `ID_especie` int NOT NULL AUTO_INCREMENT,
  `Nombre` varchar(50) NOT NULL,
  `Frecuencia_riego` decimal(5,4) DEFAULT NULL,
  `Temperatura_min` decimal(4,1) DEFAULT NULL,
  `Temperatura_max` decimal(4,1) DEFAULT NULL,
  `Humedad_min` decimal(4,1) DEFAULT NULL,
  `Humedad_max` decimal(4,1) DEFAULT NULL,
  `Luz_min` decimal(4,1) DEFAULT NULL,
  `Luz_max` decimal(4,1) DEFAULT NULL,
  `HumedadT_min` decimal(4,1) DEFAULT NULL,
  `HumedadT_max` decimal(4,1) DEFAULT NULL,
  PRIMARY KEY (`ID_especie`)
) ENGINE=InnoDB AUTO_INCREMENT=19 DEFAULT CHARSET=utf8mb4 COLLATE=utf8mb4_0900_ai_ci;
/*!40101 SET character_set_client = @saved_cs_client */;

--
-- Dumping data for table `especie_fake`
--

/*!40000 ALTER TABLE `especie_fake` DISABLE KEYS */;
INSERT INTO `especie_fake` VALUES (1,'TomateRoma',0.0028,20.0,30.0,60.0,80.0,80.0,100.0,60.0,80.0),(2,'Cilantro',0.0028,18.0,26.0,60.0,80.0,70.0,90.0,60.0,75.0),(3,'Nopal',0.0028,18.0,35.0,30.0,50.0,90.0,100.0,25.0,45.0),(4,'ChileSerrano',0.0028,22.0,32.0,60.0,75.0,85.0,100.0,60.0,75.0),(5,'CalabacitaItaliana',0.0028,20.0,28.0,60.0,75.0,80.0,100.0,55.0,70.0),(6,'EloteCriollo',0.0028,20.0,30.0,50.0,70.0,85.0,100.0,50.0,70.0),(7,'Epazote',0.0028,18.0,28.0,60.0,80.0,70.0,90.0,55.0,70.0),(8,'RábanoRojo',0.0028,16.0,25.0,60.0,80.0,70.0,90.0,60.0,80.0),(9,'LechugaRomana',0.0028,15.0,25.0,70.0,90.0,60.0,80.0,70.0,85.0),(10,'FrijolPinto',0.0028,20.0,30.0,50.0,70.0,80.0,100.0,50.0,70.0),(11,'PerejilHuerta',0.0028,18.0,25.0,60.0,80.0,70.0,90.0,65.0,80.0),(12,'CebollaCambray',0.0028,15.0,25.0,50.0,70.0,80.0,100.0,50.0,70.0),(13,'Sábila',0.0028,12.0,30.0,30.0,60.0,70.0,100.0,20.0,40.0),(14,'ZanahoriaSativus',0.0028,10.0,24.0,60.0,80.0,60.0,90.0,55.0,70.0),(15,'PapaAlpha',0.0028,7.0,21.0,65.0,85.0,50.0,85.0,60.0,75.0),(16,'ArándanoAzul',0.0028,5.0,25.0,70.0,90.0,50.0,80.0,65.0,85.0),(17,'FrambuesaRubus',0.0028,7.0,24.0,65.0,85.0,50.0,85.0,65.0,85.0),(18,'FresaJardin',0.0028,15.0,25.0,60.0,80.0,80.0,100.0,60.0,80.0);
/*!40000 ALTER TABLE `especie_fake` ENABLE KEYS */;

--
-- Table structure for table `planta`
--

DROP TABLE IF EXISTS `planta`;
/*!40101 SET @saved_cs_client     = @@character_set_client */;
/*!50503 SET character_set_client = utf8mb4 */;
CREATE TABLE `planta` (
  `ID_planta` int NOT NULL AUTO_INCREMENT,
  `Nombre` varchar(100) NOT NULL,
  `ID_especie` int DEFAULT NULL,
  PRIMARY KEY (`ID_planta`),
  KEY `ID_especie` (`ID_especie`),
  CONSTRAINT `planta_ibfk_1` FOREIGN KEY (`ID_especie`) REFERENCES `especie` (`ID_especie`)
) ENGINE=InnoDB AUTO_INCREMENT=2 DEFAULT CHARSET=utf8mb4 COLLATE=utf8mb4_0900_ai_ci;
/*!40101 SET character_set_client = @saved_cs_client */;

--
-- Dumping data for table `planta`
--

/*!40000 ALTER TABLE `planta` DISABLE KEYS */;
INSERT INTO `planta` VALUES (1,'Rootie',10);
/*!40000 ALTER TABLE `planta` ENABLE KEYS */;

--
-- Table structure for table `registro`
--

DROP TABLE IF EXISTS `registro`;
/*!40101 SET @saved_cs_client     = @@character_set_client */;
/*!50503 SET character_set_client = utf8mb4 */;
CREATE TABLE `registro` (
  `ID_registro` int NOT NULL AUTO_INCREMENT,
  `ID_planta` int DEFAULT NULL,
  `ID_variable` int DEFAULT NULL,
  `Tiempo` datetime DEFAULT NULL,
  `Valor` decimal(8,2) DEFAULT NULL,
  PRIMARY KEY (`ID_registro`),
  KEY `ID_planta` (`ID_planta`),
  KEY `ID_variable` (`ID_variable`),
  CONSTRAINT `registro_ibfk_1` FOREIGN KEY (`ID_planta`) REFERENCES `planta` (`ID_planta`),
  CONSTRAINT `registro_ibfk_2` FOREIGN KEY (`ID_variable`) REFERENCES `variable` (`ID_variable`)
) ENGINE=InnoDB AUTO_INCREMENT=1714 DEFAULT CHARSET=utf8mb4 COLLATE=utf8mb4_0900_ai_ci;
/*!40101 SET character_set_client = @saved_cs_client */;

--
-- Dumping data for table `registro`
--

/*!40000 ALTER TABLE `registro` DISABLE KEYS */;
INSERT INTO `registro` VALUES (500,1,2,'2025-11-26 11:50:48',23.00),(501,1,3,'2025-11-26 11:50:48',44.00),(502,1,4,'2025-11-26 11:50:48',100.00),(503,1,5,'2025-11-26 11:50:48',0.00),(504,1,1,'2025-11-26 11:51:04',34.00),(505,1,2,'2025-11-26 11:51:04',23.00),(506,1,3,'2025-11-26 11:51:04',44.00),(507,1,4,'2025-11-26 11:51:04',100.00),(508,1,5,'2025-11-26 11:51:04',0.00),(509,1,1,'2025-11-26 11:51:18',33.00),(510,1,2,'2025-11-26 11:51:18',23.00),(511,1,3,'2025-11-26 11:51:18',44.00),(512,1,4,'2025-11-26 11:51:18',100.00),(513,1,5,'2025-11-26 11:51:18',0.00),(514,1,1,'2025-11-26 11:51:34',37.00),(515,1,2,'2025-11-26 11:51:34',23.00),(516,1,3,'2025-11-26 11:51:34',43.00),(517,1,4,'2025-11-26 11:51:34',100.00),(518,1,5,'2025-11-26 11:51:34',0.00),(519,1,1,'2025-11-26 11:51:49',35.00),(520,1,2,'2025-11-26 11:51:49',23.00),(521,1,3,'2025-11-26 11:51:49',43.00),(522,1,4,'2025-11-26 11:51:49',100.00),(523,1,5,'2025-11-26 11:51:49',0.00),(524,1,1,'2025-11-26 11:52:03',36.00),(525,1,2,'2025-11-26 11:52:03',23.00),(526,1,3,'2025-11-26 11:52:03',43.00),(527,1,4,'2025-11-26 11:52:03',100.00),(528,1,5,'2025-11-26 11:52:03',1.00),(529,1,1,'2025-11-26 11:52:19',36.00),(530,1,2,'2025-11-26 11:52:19',23.00),(531,1,3,'2025-11-26 11:52:19',43.00),(532,1,4,'2025-11-26 11:52:19',100.00),(533,1,5,'2025-11-26 11:52:19',0.00),(534,1,1,'2025-11-26 11:52:34',37.00),(535,1,2,'2025-11-26 11:52:34',23.00),(536,1,3,'2025-11-26 11:52:34',43.00),(537,1,4,'2025-11-26 11:52:34',100.00),(538,1,5,'2025-11-26 11:52:34',0.00),(539,1,1,'2025-11-26 11:52:49',34.00),(540,1,2,'2025-11-26 11:52:49',23.00),(541,1,3,'2025-11-26 11:52:49',43.00),(542,1,4,'2025-11-26 11:52:49',100.00),(543,1,5,'2025-11-26 11:52:49',0.00),(544,1,1,'2025-11-26 11:53:07',33.00),(545,1,2,'2025-11-26 11:53:07',23.00),(546,1,3,'2025-11-26 11:53:07',43.00),(547,1,4,'2025-11-26 11:53:07',100.00),(548,1,5,'2025-11-26 11:53:07',0.00),(549,1,1,'2025-11-26 11:53:22',33.00),(550,1,2,'2025-11-26 11:53:22',23.00),(551,1,3,'2025-11-26 11:53:22',44.00),(552,1,4,'2025-11-26 11:53:22',100.00),(553,1,5,'2025-11-26 11:53:22',0.00),(554,1,1,'2025-11-26 11:53:34',33.00),(555,1,2,'2025-11-26 11:53:34',23.00),(556,1,3,'2025-11-26 11:53:34',43.00),(557,1,4,'2025-11-26 11:53:34',100.00),(558,1,5,'2025-11-26 11:53:34',0.00),(559,1,1,'2025-11-26 11:53:49',25.00),(560,1,2,'2025-11-26 11:53:49',23.00),(561,1,3,'2025-11-26 11:53:49',43.00),(562,1,4,'2025-11-26 11:53:49',100.00),(563,1,5,'2025-11-26 11:53:49',1.00),(564,1,1,'2025-11-26 11:54:20',39.00),(565,1,2,'2025-11-26 11:54:20',22.70),(566,1,3,'2025-11-26 11:54:20',43.00),(567,1,4,'2025-11-26 11:54:20',0.00),(568,1,5,'2025-11-26 11:54:20',1.00),(569,1,1,'2025-11-26 11:54:21',39.00),(570,1,2,'2025-11-26 11:54:21',22.70),(571,1,3,'2025-11-26 11:54:21',43.00),(572,1,4,'2025-11-26 11:54:21',76.00),(573,1,5,'2025-11-26 11:54:21',1.00),(574,1,1,'2025-11-26 11:54:35',35.00),(575,1,2,'2025-11-26 11:54:35',23.10),(576,1,3,'2025-11-26 11:54:35',43.00),(577,1,4,'2025-11-26 11:54:35',97.00),(578,1,5,'2025-11-26 11:54:35',0.00),(579,1,1,'2025-11-26 11:54:51',34.00),(580,1,2,'2025-11-26 11:54:51',23.00),(581,1,3,'2025-11-26 11:54:51',43.00),(582,1,4,'2025-11-26 11:54:51',97.00),(583,1,5,'2025-11-26 11:54:51',0.00),(584,1,1,'2025-11-26 11:55:06',36.00),(585,1,2,'2025-11-26 11:55:06',23.00),(586,1,3,'2025-11-26 11:55:06',43.00),(587,1,4,'2025-11-26 11:55:06',98.00),(588,1,5,'2025-11-26 11:55:06',0.00),(589,1,1,'2025-11-26 11:55:22',36.00),(590,1,2,'2025-11-26 11:55:22',23.00),(591,1,3,'2025-11-26 11:55:22',43.00),(592,1,4,'2025-11-26 11:55:22',97.00),(593,1,5,'2025-11-26 11:55:22',0.00),(594,1,1,'2025-11-26 11:55:37',34.00),(595,1,2,'2025-11-26 11:55:37',23.00),(596,1,3,'2025-11-26 11:55:37',43.00),(597,1,4,'2025-11-26 11:55:37',98.00),(598,1,5,'2025-11-26 11:55:37',0.00),(599,1,1,'2025-11-26 11:55:51',36.00),(600,1,2,'2025-11-26 11:55:51',23.00),(601,1,3,'2025-11-26 11:55:51',43.00),(602,1,4,'2025-11-26 11:55:51',98.00),(603,1,5,'2025-11-26 11:55:51',0.00),(604,1,1,'2025-11-26 11:56:06',33.00),(605,1,2,'2025-11-26 11:56:06',23.00),(606,1,3,'2025-11-26 11:56:06',43.00),(607,1,4,'2025-11-26 11:56:06',98.00),(608,1,5,'2025-11-26 11:56:06',0.00),(609,1,1,'2025-11-26 11:56:21',35.00),(610,1,2,'2025-11-26 11:56:21',23.00),(611,1,3,'2025-11-26 11:56:21',43.00),(612,1,4,'2025-11-26 11:56:21',98.00),(613,1,5,'2025-11-26 11:56:21',0.00),(614,1,1,'2025-11-26 11:56:36',31.00),(615,1,2,'2025-11-26 11:56:36',23.00),(616,1,3,'2025-11-26 11:56:36',43.00),(617,1,4,'2025-11-26 11:56:36',96.00),(618,1,5,'2025-11-26 11:56:36',0.00),(619,1,1,'2025-11-26 11:56:52',34.00),(620,1,2,'2025-11-26 11:56:52',23.00),(621,1,3,'2025-11-26 11:56:52',43.00),(622,1,4,'2025-11-26 11:56:52',11.00),(623,1,5,'2025-11-26 11:56:52',1.00),(624,1,1,'2025-11-26 11:57:07',34.00),(625,1,2,'2025-11-26 11:57:07',23.00),(626,1,3,'2025-11-26 11:57:07',43.00),(627,1,4,'2025-11-26 11:57:07',100.00),(628,1,5,'2025-11-26 11:57:07',0.00),(629,1,1,'2025-11-26 11:57:22',37.00),(630,1,2,'2025-11-26 11:57:22',23.00),(631,1,3,'2025-11-26 11:57:22',43.00),(632,1,4,'2025-11-26 11:57:22',100.00),(633,1,5,'2025-11-26 11:57:22',0.00),(634,1,1,'2025-11-26 11:57:38',37.00),(635,1,2,'2025-11-26 11:57:38',23.00),(636,1,3,'2025-11-26 11:57:38',43.00),(637,1,4,'2025-11-26 11:57:38',100.00),(638,1,5,'2025-11-26 11:57:38',0.00),(639,1,1,'2025-11-26 11:57:52',35.00),(640,1,2,'2025-11-26 11:57:52',23.00),(641,1,3,'2025-11-26 11:57:52',43.00),(642,1,4,'2025-11-26 11:57:52',100.00),(643,1,5,'2025-11-26 11:57:52',0.00),(644,1,1,'2025-11-26 11:58:08',34.00),(645,1,2,'2025-11-26 11:58:08',23.00),(646,1,3,'2025-11-26 11:58:08',43.00),(647,1,4,'2025-11-26 11:58:08',100.00),(648,1,5,'2025-11-26 11:58:08',0.00),(649,1,1,'2025-11-26 11:58:23',34.00),(650,1,2,'2025-11-26 11:58:23',23.00),(651,1,3,'2025-11-26 11:58:23',43.00),(652,1,4,'2025-11-26 11:58:23',100.00),(653,1,5,'2025-11-26 11:58:23',0.00),(654,1,1,'2025-11-26 12:13:16',39.00),(655,1,2,'2025-11-26 12:13:16',23.00),(656,1,3,'2025-11-26 12:13:16',44.00),(657,1,4,'2025-11-26 12:13:16',100.00),(658,1,5,'2025-11-26 12:13:16',0.00),(659,1,1,'2025-11-26 12:13:30',39.00),(660,1,2,'2025-11-26 12:13:30',23.00),(661,1,3,'2025-11-26 12:13:30',43.00),(662,1,4,'2025-11-26 12:13:30',100.00),(663,1,5,'2025-11-26 12:13:30',0.00),(664,1,1,'2025-11-26 12:14:02',39.00),(665,1,2,'2025-11-26 12:14:02',23.00),(666,1,3,'2025-11-26 12:14:02',43.00),(667,1,4,'2025-11-26 12:14:02',96.00),(668,1,5,'2025-11-26 12:14:02',1.00),(669,1,1,'2025-11-26 12:14:18',42.00),(670,1,2,'2025-11-26 12:14:18',23.00),(671,1,3,'2025-11-26 12:14:18',43.00),(672,1,4,'2025-11-26 12:14:18',96.00),(673,1,5,'2025-11-26 12:14:18',1.00),(674,1,1,'2025-11-26 12:14:33',41.00),(675,1,2,'2025-11-26 12:14:33',23.00),(676,1,3,'2025-11-26 12:14:33',43.00),(677,1,4,'2025-11-26 12:14:33',96.00),(678,1,5,'2025-11-26 12:14:33',0.00),(679,1,1,'2025-11-26 12:14:47',40.00),(680,1,2,'2025-11-26 12:14:47',23.00),(681,1,3,'2025-11-26 12:14:47',43.00),(682,1,4,'2025-11-26 12:14:47',96.00),(683,1,5,'2025-11-26 12:14:47',1.00),(684,1,1,'2025-11-26 12:15:03',40.00),(685,1,2,'2025-11-26 12:15:03',23.00),(686,1,3,'2025-11-26 12:15:03',43.00),(687,1,4,'2025-11-26 12:15:03',96.00),(688,1,5,'2025-11-26 12:15:03',0.00),(689,1,1,'2025-11-26 12:15:17',41.00),(690,1,2,'2025-11-26 12:15:17',23.00),(691,1,3,'2025-11-26 12:15:17',42.00),(692,1,4,'2025-11-26 12:15:17',97.00),(693,1,5,'2025-11-26 12:15:17',1.00),(694,1,1,'2025-11-26 12:15:33',43.00),(695,1,2,'2025-11-26 12:15:33',23.00),(696,1,3,'2025-11-26 12:15:33',42.00),(697,1,4,'2025-11-26 12:15:33',96.00),(698,1,5,'2025-11-26 12:15:33',0.00),(699,1,1,'2025-11-26 12:15:48',39.00),(700,1,2,'2025-11-26 12:15:48',23.00),(701,1,3,'2025-11-26 12:15:48',42.00),(702,1,4,'2025-11-26 12:15:48',97.00),(703,1,5,'2025-11-26 12:15:48',0.00),(704,1,1,'2025-11-26 12:16:03',43.00),(705,1,2,'2025-11-26 12:16:03',23.00),(706,1,3,'2025-11-26 12:16:03',42.00),(707,1,4,'2025-11-26 12:16:03',97.00),(708,1,5,'2025-11-26 12:16:03',0.00),(709,1,1,'2025-11-26 12:16:18',41.00),(710,1,2,'2025-11-26 12:16:18',23.00),(711,1,3,'2025-11-26 12:16:18',42.00),(712,1,4,'2025-11-26 12:16:18',97.00),(713,1,5,'2025-11-26 12:16:18',1.00),(714,1,1,'2025-11-26 12:16:33',39.00),(715,1,2,'2025-11-26 12:16:33',23.00),(716,1,3,'2025-11-26 12:16:33',42.00),(717,1,4,'2025-11-26 12:16:33',97.00),(718,1,5,'2025-11-26 12:16:33',0.00),(719,1,1,'2025-11-26 12:16:49',36.00),(720,1,2,'2025-11-26 12:16:49',23.00),(721,1,3,'2025-11-26 12:16:49',42.00),(722,1,4,'2025-11-26 12:16:49',97.00),(723,1,5,'2025-11-26 12:16:49',1.00),(724,1,1,'2025-11-26 12:17:03',38.00),(725,1,2,'2025-11-26 12:17:03',23.00),(726,1,3,'2025-11-26 12:17:03',42.00),(727,1,4,'2025-11-26 12:17:03',96.00),(728,1,5,'2025-11-26 12:17:03',0.00),(729,1,1,'2025-11-26 12:17:19',41.00),(730,1,2,'2025-11-26 12:17:19',23.00),(731,1,3,'2025-11-26 12:17:19',42.00),(732,1,4,'2025-11-26 12:17:19',97.00),(733,1,5,'2025-11-26 12:17:19',0.00),(734,1,1,'2025-11-26 12:17:33',38.00),(735,1,2,'2025-11-26 12:17:33',23.00),(736,1,3,'2025-11-26 12:17:33',42.00),(737,1,4,'2025-11-26 12:17:33',97.00),(738,1,5,'2025-11-26 12:17:33',0.00),(739,1,1,'2025-11-26 12:17:49',41.00),(740,1,2,'2025-11-26 12:17:49',23.00),(741,1,3,'2025-11-26 12:17:49',42.00),(742,1,4,'2025-11-26 12:17:49',97.00),(743,1,5,'2025-11-26 12:17:49',0.00),(744,1,1,'2025-11-26 12:18:04',43.00),(745,1,2,'2025-11-26 12:18:04',23.00),(746,1,3,'2025-11-26 12:18:04',42.00),(747,1,4,'2025-11-26 12:18:04',97.00),(748,1,5,'2025-11-26 12:18:04',0.00),(749,1,1,'2025-11-26 12:18:20',42.00),(750,1,2,'2025-11-26 12:18:20',23.00),(751,1,3,'2025-11-26 12:18:20',42.00),(752,1,4,'2025-11-26 12:18:20',97.00),(753,1,5,'2025-11-26 12:18:20',0.00),(754,1,1,'2025-11-26 12:18:34',41.00),(755,1,2,'2025-11-26 12:18:34',23.00),(756,1,3,'2025-11-26 12:18:34',42.00),(757,1,4,'2025-11-26 12:18:34',97.00),(758,1,5,'2025-11-26 12:18:34',0.00),(759,1,1,'2025-11-26 12:18:50',30.00),(760,1,2,'2025-11-26 12:18:50',23.00),(761,1,3,'2025-11-26 12:18:50',42.00),(762,1,4,'2025-11-26 12:18:50',97.00),(763,1,5,'2025-11-26 12:18:50',0.00),(764,1,1,'2025-11-26 12:19:04',32.00),(765,1,2,'2025-11-26 12:19:04',23.00),(766,1,3,'2025-11-26 12:19:04',42.00),(767,1,4,'2025-11-26 12:19:04',97.00),(768,1,5,'2025-11-26 12:19:04',0.00),(769,1,1,'2025-11-26 12:19:19',36.00),(770,1,2,'2025-11-26 12:19:19',23.00),(771,1,3,'2025-11-26 12:19:19',43.00),(772,1,4,'2025-11-26 12:19:19',97.00),(773,1,5,'2025-11-26 12:19:19',0.00),(774,1,1,'2025-11-26 12:19:35',36.00),(775,1,2,'2025-11-26 12:19:35',23.00),(776,1,3,'2025-11-26 12:19:35',42.00),(777,1,4,'2025-11-26 12:19:35',97.00),(778,1,5,'2025-11-26 12:19:35',0.00),(779,1,1,'2025-11-26 12:19:50',40.00),(780,1,2,'2025-11-26 12:19:50',23.10),(781,1,3,'2025-11-26 12:19:50',42.00),(782,1,4,'2025-11-26 12:19:50',97.00),(783,1,5,'2025-11-26 12:19:50',0.00),(784,1,1,'2025-11-26 12:20:05',36.00),(785,1,2,'2025-11-26 12:20:05',23.00),(786,1,3,'2025-11-26 12:20:05',42.00),(787,1,4,'2025-11-26 12:20:05',97.00),(788,1,5,'2025-11-26 12:20:05',0.00),(789,1,1,'2025-11-26 12:29:05',37.00),(790,1,2,'2025-11-26 12:29:05',23.10),(791,1,3,'2025-11-26 12:29:05',42.00),(792,1,4,'2025-11-26 12:29:05',98.00),(793,1,5,'2025-11-26 12:29:05',0.00),(794,1,1,'2025-11-26 12:29:19',36.00),(795,1,2,'2025-11-26 12:29:19',23.10),(796,1,3,'2025-11-26 12:29:19',42.00),(797,1,4,'2025-11-26 12:29:19',98.00),(798,1,5,'2025-11-26 12:29:19',0.00),(799,1,1,'2025-11-26 12:29:34',36.00),(800,1,2,'2025-11-26 12:29:34',23.10),(801,1,3,'2025-11-26 12:29:34',42.00),(802,1,4,'2025-11-26 12:29:34',98.00),(803,1,5,'2025-11-26 12:29:34',0.00),(804,1,1,'2025-11-26 12:29:49',39.00),(805,1,2,'2025-11-26 12:29:49',23.10),(806,1,3,'2025-11-26 12:29:49',42.00),(807,1,4,'2025-11-26 12:29:49',98.00),(808,1,5,'2025-11-26 12:29:49',0.00),(809,1,1,'2025-11-26 12:30:04',36.00),(810,1,2,'2025-11-26 12:30:04',23.10),(811,1,3,'2025-11-26 12:30:04',42.00),(812,1,4,'2025-11-26 12:30:04',98.00),(813,1,5,'2025-11-26 12:30:04',0.00),(814,1,1,'2025-11-26 12:30:20',37.00),(815,1,2,'2025-11-26 12:30:20',23.10),(816,1,3,'2025-11-26 12:30:20',42.00),(817,1,4,'2025-11-26 12:30:20',98.00),(818,1,5,'2025-11-26 12:30:20',0.00),(819,1,1,'2025-11-26 12:30:34',37.00),(820,1,2,'2025-11-26 12:30:34',23.10),(821,1,3,'2025-11-26 12:30:34',41.00),(822,1,4,'2025-11-26 12:30:34',98.00),(823,1,5,'2025-11-26 12:30:34',0.00),(824,1,1,'2025-11-26 12:30:50',35.00),(825,1,2,'2025-11-26 12:30:50',23.20),(826,1,3,'2025-11-26 12:30:50',41.00),(827,1,4,'2025-11-26 12:30:50',98.00),(828,1,5,'2025-11-26 12:30:50',0.00),(829,1,1,'2025-11-26 12:31:05',40.00),(830,1,2,'2025-11-26 12:31:05',23.20),(831,1,3,'2025-11-26 12:31:05',41.00),(832,1,4,'2025-11-26 12:31:05',98.00),(833,1,5,'2025-11-26 12:31:05',0.00),(834,1,1,'2025-11-26 12:31:20',39.00),(835,1,2,'2025-11-26 12:31:20',23.20),(836,1,3,'2025-11-26 12:31:20',42.00),(837,1,4,'2025-11-26 12:31:20',98.00),(838,1,5,'2025-11-26 12:31:20',0.00),(839,1,1,'2025-11-26 12:31:35',36.00),(840,1,2,'2025-11-26 12:31:35',23.10),(841,1,3,'2025-11-26 12:31:35',42.00),(842,1,4,'2025-11-26 12:31:35',98.00),(843,1,5,'2025-11-26 12:31:35',0.00),(844,1,1,'2025-11-26 12:31:50',34.00),(845,1,2,'2025-11-26 12:31:50',23.10),(846,1,3,'2025-11-26 12:31:50',41.00),(847,1,4,'2025-11-26 12:31:50',98.00),(848,1,5,'2025-11-26 12:31:50',0.00),(849,1,1,'2025-11-26 12:32:05',36.00),(850,1,2,'2025-11-26 12:32:05',23.20),(851,1,3,'2025-11-26 12:32:05',41.00),(852,1,4,'2025-11-26 12:32:05',98.00),(853,1,5,'2025-11-26 12:32:05',0.00),(854,1,1,'2025-11-26 12:32:20',34.00),(855,1,2,'2025-11-26 12:32:20',23.20),(856,1,3,'2025-11-26 12:32:20',41.00),(857,1,4,'2025-11-26 12:32:20',98.00),(858,1,5,'2025-11-26 12:32:20',0.00),(859,1,1,'2025-11-26 12:32:35',35.00),(860,1,2,'2025-11-26 12:32:35',23.10),(861,1,3,'2025-11-26 12:32:35',41.00),(862,1,4,'2025-11-26 12:32:35',98.00),(863,1,5,'2025-11-26 12:32:35',0.00),(864,1,1,'2025-11-26 12:32:50',32.00),(865,1,2,'2025-11-26 12:32:50',23.10),(866,1,3,'2025-11-26 12:32:50',41.00),(867,1,4,'2025-11-26 12:32:50',98.00),(868,1,5,'2025-11-26 12:32:50',0.00),(869,1,1,'2025-11-26 12:33:05',34.00),(870,1,2,'2025-11-26 12:33:05',23.10),(871,1,3,'2025-11-26 12:33:05',41.00),(872,1,4,'2025-11-26 12:33:05',98.00),(873,1,5,'2025-11-26 12:33:05',0.00),(874,1,1,'2025-11-26 12:33:20',32.00),(875,1,2,'2025-11-26 12:33:20',23.10),(876,1,3,'2025-11-26 12:33:20',41.00),(877,1,4,'2025-11-26 12:33:20',97.00),(878,1,5,'2025-11-26 12:33:20',0.00),(879,1,1,'2025-11-26 12:33:35',35.00),(880,1,2,'2025-11-26 12:33:35',23.10),(881,1,3,'2025-11-26 12:33:35',42.00),(882,1,4,'2025-11-26 12:33:35',98.00),(883,1,5,'2025-11-26 12:33:35',0.00),(884,1,1,'2025-11-26 12:33:51',34.00),(885,1,2,'2025-11-26 12:33:51',23.10),(886,1,3,'2025-11-26 12:33:51',41.00),(887,1,4,'2025-11-26 12:33:51',98.00),(888,1,5,'2025-11-26 12:33:51',0.00),(889,1,1,'2025-11-26 12:34:05',32.00),(890,1,2,'2025-11-26 12:34:05',23.20),(891,1,3,'2025-11-26 12:34:05',41.00),(892,1,4,'2025-11-26 12:34:05',98.00),(893,1,5,'2025-11-26 12:34:05',0.00),(894,1,1,'2025-11-26 12:34:21',33.00),(895,1,2,'2025-11-26 12:34:21',23.20),(896,1,3,'2025-11-26 12:34:21',41.00),(897,1,4,'2025-11-26 12:34:21',97.00),(898,1,5,'2025-11-26 12:34:21',0.00),(899,1,1,'2025-11-26 12:34:36',33.00),(900,1,2,'2025-11-26 12:34:36',23.20),(901,1,3,'2025-11-26 12:34:36',41.00),(902,1,4,'2025-11-26 12:34:36',97.00),(903,1,5,'2025-11-26 12:34:36',0.00),(904,1,1,'2025-11-26 12:34:51',31.00),(905,1,2,'2025-11-26 12:34:51',23.20),(906,1,3,'2025-11-26 12:34:51',41.00),(907,1,4,'2025-11-26 12:34:51',98.00),(908,1,5,'2025-11-26 12:34:51',0.00),(909,1,1,'2025-11-26 12:35:05',35.00),(910,1,2,'2025-11-26 12:35:05',23.20),(911,1,3,'2025-11-26 12:35:05',41.00),(912,1,4,'2025-11-26 12:35:05',97.00),(913,1,5,'2025-11-26 12:35:05',0.00),(914,1,1,'2025-11-26 12:35:21',33.00),(915,1,2,'2025-11-26 12:35:21',23.20),(916,1,3,'2025-11-26 12:35:21',41.00),(917,1,4,'2025-11-26 12:35:21',98.00),(918,1,5,'2025-11-26 12:35:21',0.00),(919,1,1,'2025-11-26 12:35:36',34.00),(920,1,2,'2025-11-26 12:35:36',23.10),(921,1,3,'2025-11-26 12:35:36',41.00),(922,1,4,'2025-11-26 12:35:36',98.00),(923,1,5,'2025-11-26 12:35:36',0.00),(924,1,1,'2025-11-26 12:35:51',34.00),(925,1,2,'2025-11-26 12:35:51',23.20),(926,1,3,'2025-11-26 12:35:51',41.00),(927,1,4,'2025-11-26 12:35:51',98.00),(928,1,5,'2025-11-26 12:35:51',0.00),(929,1,1,'2025-11-26 12:36:06',31.00),(930,1,2,'2025-11-26 12:36:06',23.20),(931,1,3,'2025-11-26 12:36:06',41.00),(932,1,4,'2025-11-26 12:36:06',97.00),(933,1,5,'2025-11-26 12:36:06',0.00),(934,1,1,'2025-11-26 12:36:21',32.00),(935,1,2,'2025-11-26 12:36:21',23.20),(936,1,3,'2025-11-26 12:36:21',41.00),(937,1,4,'2025-11-26 12:36:21',97.00),(938,1,5,'2025-11-26 12:36:21',0.00),(939,1,1,'2025-11-26 12:36:36',37.00),(940,1,2,'2025-11-26 12:36:36',23.20),(941,1,3,'2025-11-26 12:36:36',43.00),(942,1,4,'2025-11-26 12:36:36',97.00),(943,1,5,'2025-11-26 12:36:36',0.00),(944,1,1,'2025-11-26 12:36:52',40.00),(945,1,2,'2025-11-26 12:36:52',23.30),(946,1,3,'2025-11-26 12:36:52',42.00),(947,1,4,'2025-11-26 12:36:52',95.00),(948,1,5,'2025-11-26 12:36:52',0.00),(949,1,1,'2025-11-26 12:37:06',36.00),(950,1,2,'2025-11-26 12:37:06',23.30),(951,1,3,'2025-11-26 12:37:06',42.00),(952,1,4,'2025-11-26 12:37:06',95.00),(953,1,5,'2025-11-26 12:37:06',0.00),(954,1,1,'2025-11-26 12:37:22',39.00),(955,1,2,'2025-11-26 12:37:22',23.30),(956,1,3,'2025-11-26 12:37:22',42.00),(957,1,4,'2025-11-26 12:37:22',95.00),(958,1,5,'2025-11-26 12:37:22',0.00),(959,1,1,'2025-11-26 12:37:37',39.00),(960,1,2,'2025-11-26 12:37:37',23.20),(961,1,3,'2025-11-26 12:37:37',41.00),(962,1,4,'2025-11-26 12:37:37',100.00),(963,1,5,'2025-11-26 12:37:37',0.00),(964,1,1,'2025-11-26 12:37:52',43.00),(965,1,2,'2025-11-26 12:37:52',16.30),(966,1,3,'2025-11-26 12:37:52',5.00),(967,1,4,'2025-11-26 12:37:52',100.00),(968,1,5,'2025-11-26 12:37:52',0.00),(969,1,1,'2025-11-26 12:38:06',48.00),(970,1,2,'2025-11-26 12:38:06',7.80),(971,1,3,'2025-11-26 12:38:06',5.00),(972,1,4,'2025-11-26 12:38:06',100.00),(973,1,5,'2025-11-26 12:38:06',0.00),(974,1,1,'2025-11-26 12:38:22',46.00),(975,1,2,'2025-11-26 12:38:22',7.50),(976,1,3,'2025-11-26 12:38:22',5.00),(977,1,4,'2025-11-26 12:38:22',100.00),(978,1,5,'2025-11-26 12:38:22',1.00),(979,1,1,'2025-11-26 12:38:37',47.00),(980,1,2,'2025-11-26 12:38:37',7.40),(981,1,3,'2025-11-26 12:38:37',5.00),(982,1,4,'2025-11-26 12:38:37',100.00),(983,1,5,'2025-11-26 12:38:37',0.00),(984,1,1,'2025-11-26 12:38:52',46.00),(985,1,2,'2025-11-26 12:38:52',7.60),(986,1,3,'2025-11-26 12:38:52',5.00),(987,1,4,'2025-11-26 12:38:52',100.00),(988,1,5,'2025-11-26 12:38:52',0.00),(989,1,1,'2025-11-26 12:39:07',47.00),(990,1,2,'2025-11-26 12:39:07',6.40),(991,1,3,'2025-11-26 12:39:07',5.00),(992,1,4,'2025-11-26 12:39:07',100.00),(993,1,5,'2025-11-26 12:39:07',0.00),(994,1,1,'2025-11-26 12:39:23',44.00),(995,1,2,'2025-11-26 12:39:23',5.90),(996,1,3,'2025-11-26 12:39:23',5.00),(997,1,4,'2025-11-26 12:39:23',100.00),(998,1,5,'2025-11-26 12:39:23',0.00),(999,1,1,'2025-11-26 12:39:38',46.00),(1000,1,2,'2025-11-26 12:39:38',7.40),(1001,1,3,'2025-11-26 12:39:38',5.00),(1002,1,4,'2025-11-26 12:39:38',100.00),(1003,1,5,'2025-11-26 12:39:38',0.00),(1004,1,1,'2025-11-26 12:39:53',42.00),(1005,1,2,'2025-11-26 12:39:53',17.60),(1006,1,3,'2025-11-26 12:39:53',5.00),(1007,1,4,'2025-11-26 12:39:53',100.00),(1008,1,5,'2025-11-26 12:39:53',0.00),(1009,1,1,'2025-11-26 12:40:08',40.00),(1010,1,2,'2025-11-26 12:40:08',18.10),(1011,1,3,'2025-11-26 12:40:08',5.00),(1012,1,4,'2025-11-26 12:40:08',100.00),(1013,1,5,'2025-11-26 12:40:08',0.00),(1014,1,1,'2025-11-26 12:40:23',40.00),(1015,1,2,'2025-11-26 12:40:23',17.50),(1016,1,3,'2025-11-26 12:40:23',5.00),(1017,1,4,'2025-11-26 12:40:23',100.00),(1018,1,5,'2025-11-26 12:40:23',0.00),(1019,1,1,'2025-11-26 12:40:38',42.00),(1020,1,2,'2025-11-26 12:40:38',17.30),(1021,1,3,'2025-11-26 12:40:38',5.00),(1022,1,4,'2025-11-26 12:40:38',100.00),(1023,1,5,'2025-11-26 12:40:38',0.00),(1024,1,1,'2025-11-26 12:40:52',38.00),(1025,1,2,'2025-11-26 12:40:52',17.00),(1026,1,3,'2025-11-26 12:40:52',5.00),(1027,1,4,'2025-11-26 12:40:52',100.00),(1028,1,5,'2025-11-26 12:40:52',0.00),(1029,1,1,'2025-11-26 12:41:08',42.00),(1030,1,2,'2025-11-26 12:41:08',16.80),(1031,1,3,'2025-11-26 12:41:08',5.00),(1032,1,4,'2025-11-26 12:41:08',100.00),(1033,1,5,'2025-11-26 12:41:08',0.00),(1034,1,1,'2025-11-26 12:41:22',42.00),(1035,1,2,'2025-11-26 12:41:22',14.20),(1036,1,3,'2025-11-26 12:41:22',5.00),(1037,1,4,'2025-11-26 12:41:22',100.00),(1038,1,5,'2025-11-26 12:41:22',0.00),(1039,1,1,'2025-11-26 12:41:38',41.00),(1040,1,2,'2025-11-26 12:41:38',14.00),(1041,1,3,'2025-11-26 12:41:38',5.00),(1042,1,4,'2025-11-26 12:41:38',100.00),(1043,1,5,'2025-11-26 12:41:38',0.00),(1044,1,1,'2025-11-26 12:41:53',43.00),(1045,1,2,'2025-11-26 12:41:53',14.20),(1046,1,3,'2025-11-26 12:41:53',5.00),(1047,1,4,'2025-11-26 12:41:53',100.00),(1048,1,5,'2025-11-26 12:41:53',1.00),(1049,1,1,'2025-11-26 12:42:08',42.00),(1050,1,2,'2025-11-26 12:42:08',14.00),(1051,1,3,'2025-11-26 12:42:08',5.00),(1052,1,4,'2025-11-26 12:42:08',100.00),(1053,1,5,'2025-11-26 12:42:08',0.00),(1054,1,1,'2025-11-26 12:42:23',40.00),(1055,1,2,'2025-11-26 12:42:23',13.90),(1056,1,3,'2025-11-26 12:42:23',5.00),(1057,1,4,'2025-11-26 12:42:23',100.00),(1058,1,5,'2025-11-26 12:42:23',0.00),(1059,1,1,'2025-11-26 12:42:38',41.00),(1060,1,2,'2025-11-26 12:42:38',14.00),(1061,1,3,'2025-11-26 12:42:38',5.00),(1062,1,4,'2025-11-26 12:42:38',100.00),(1063,1,5,'2025-11-26 12:42:38',0.00),(1064,1,1,'2025-11-26 12:42:53',43.00),(1065,1,2,'2025-11-26 12:42:53',13.70),(1066,1,3,'2025-11-26 12:42:53',5.00),(1067,1,4,'2025-11-26 12:42:53',100.00),(1068,1,5,'2025-11-26 12:42:53',1.00),(1069,1,1,'2025-11-26 12:43:09',40.00),(1070,1,2,'2025-11-26 12:43:09',13.10),(1071,1,3,'2025-11-26 12:43:09',5.00),(1072,1,4,'2025-11-26 12:43:09',100.00),(1073,1,5,'2025-11-26 12:43:09',0.00),(1074,1,1,'2025-11-26 12:43:24',6.00),(1075,1,2,'2025-11-26 12:43:24',23.50),(1076,1,3,'2025-11-26 12:43:24',42.00),(1077,1,4,'2025-11-26 12:43:24',100.00),(1078,1,5,'2025-11-26 12:43:24',1.00),(1079,1,1,'2025-11-26 12:43:39',37.00),(1080,1,2,'2025-11-26 12:43:39',23.80),(1081,1,3,'2025-11-26 12:43:39',44.00),(1082,1,4,'2025-11-26 12:43:39',93.00),(1083,1,5,'2025-11-26 12:43:39',0.00),(1084,1,1,'2025-11-26 12:43:54',26.00),(1085,1,2,'2025-11-26 12:43:54',23.90),(1086,1,3,'2025-11-26 12:43:54',42.00),(1087,1,4,'2025-11-26 12:43:54',91.00),(1088,1,5,'2025-11-26 12:43:54',0.00),(1089,1,1,'2025-11-26 12:44:09',39.00),(1090,1,2,'2025-11-26 12:44:09',23.90),(1091,1,3,'2025-11-26 12:44:09',41.00),(1092,1,4,'2025-11-26 12:44:09',95.00),(1093,1,5,'2025-11-26 12:44:09',0.00),(1094,1,1,'2025-11-26 12:44:24',38.00),(1095,1,2,'2025-11-26 12:44:24',23.90),(1096,1,3,'2025-11-26 12:44:24',41.00),(1097,1,4,'2025-11-26 12:44:24',95.00),(1098,1,5,'2025-11-26 12:44:24',0.00),(1099,1,1,'2025-11-26 12:44:39',38.00),(1100,1,2,'2025-11-26 12:44:39',23.80),(1101,1,3,'2025-11-26 12:44:39',41.00),(1102,1,4,'2025-11-26 12:44:39',95.00),(1103,1,5,'2025-11-26 12:44:39',1.00),(1104,1,1,'2025-11-26 12:44:54',37.00),(1105,1,2,'2025-11-26 12:44:54',23.80),(1106,1,3,'2025-11-26 12:44:54',41.00),(1107,1,4,'2025-11-26 12:44:54',95.00),(1108,1,5,'2025-11-26 12:44:54',0.00),(1109,1,1,'2025-11-26 12:45:09',41.00),(1110,1,2,'2025-11-26 12:45:09',23.80),(1111,1,3,'2025-11-26 12:45:09',41.00),(1112,1,4,'2025-11-26 12:45:09',95.00),(1113,1,5,'2025-11-26 12:45:09',1.00),(1114,1,1,'2025-11-26 12:45:24',41.00),(1115,1,2,'2025-11-26 12:45:24',23.80),(1116,1,3,'2025-11-26 12:45:24',41.00),(1117,1,4,'2025-11-26 12:45:24',94.00),(1118,1,5,'2025-11-26 12:45:24',0.00),(1119,1,1,'2025-11-26 12:45:39',42.00),(1120,1,2,'2025-11-26 12:45:39',23.80),(1121,1,3,'2025-11-26 12:45:39',40.00),(1122,1,4,'2025-11-26 12:45:39',94.00),(1123,1,5,'2025-11-26 12:45:39',0.00),(1124,1,1,'2025-11-26 12:45:54',41.00),(1125,1,2,'2025-11-26 12:45:54',23.80),(1126,1,3,'2025-11-26 12:45:54',41.00),(1127,1,4,'2025-11-26 12:45:54',93.00),(1128,1,5,'2025-11-26 12:45:54',0.00),(1129,1,1,'2025-11-26 12:46:09',41.00),(1130,1,2,'2025-11-26 12:46:09',23.80),(1131,1,3,'2025-11-26 12:46:09',41.00),(1132,1,4,'2025-11-26 12:46:09',94.00),(1133,1,5,'2025-11-26 12:46:09',0.00),(1134,1,1,'2025-11-26 12:46:24',38.00),(1135,1,2,'2025-11-26 12:46:24',23.80),(1136,1,3,'2025-11-26 12:46:24',40.00),(1137,1,4,'2025-11-26 12:46:24',94.00),(1138,1,5,'2025-11-26 12:46:24',0.00),(1139,1,1,'2025-11-26 12:46:39',36.00),(1140,1,2,'2025-11-26 12:46:39',23.70),(1141,1,3,'2025-11-26 12:46:39',41.00),(1142,1,4,'2025-11-26 12:46:39',96.00),(1143,1,5,'2025-11-26 12:46:39',0.00),(1144,1,1,'2025-11-27 10:40:25',33.00),(1145,1,2,'2025-11-27 10:40:25',21.10),(1146,1,3,'2025-11-27 10:40:25',51.00),(1147,1,4,'2025-11-27 10:40:25',100.00),(1148,1,5,'2025-11-27 10:40:25',0.00),(1149,1,1,'2025-11-27 10:40:41',33.00),(1150,1,2,'2025-11-27 10:40:41',21.10),(1151,1,3,'2025-11-27 10:40:41',51.00),(1152,1,4,'2025-11-27 10:40:41',100.00),(1153,1,5,'2025-11-27 10:40:41',0.00),(1154,1,1,'2025-11-27 10:40:55',32.00),(1155,1,2,'2025-11-27 10:40:55',21.10),(1156,1,3,'2025-11-27 10:40:55',51.00),(1157,1,4,'2025-11-27 10:40:55',100.00),(1158,1,5,'2025-11-27 10:40:55',0.00),(1159,1,1,'2025-11-27 10:41:11',33.00),(1160,1,2,'2025-11-27 10:41:11',21.20),(1161,1,3,'2025-11-27 10:41:11',51.00),(1162,1,4,'2025-11-27 10:41:11',100.00),(1163,1,5,'2025-11-27 10:41:11',0.00),(1164,1,1,'2025-11-27 10:41:25',34.00),(1165,1,2,'2025-11-27 10:41:25',21.20),(1166,1,3,'2025-11-27 10:41:25',51.00),(1167,1,4,'2025-11-27 10:41:25',100.00),(1168,1,5,'2025-11-27 10:41:25',0.00),(1169,1,1,'2025-11-27 10:41:40',34.00),(1170,1,2,'2025-11-27 10:41:40',21.20),(1171,1,3,'2025-11-27 10:41:40',51.00),(1172,1,4,'2025-11-27 10:41:40',100.00),(1173,1,5,'2025-11-27 10:41:40',0.00),(1174,1,1,'2025-11-27 10:41:56',32.00),(1175,1,2,'2025-11-27 10:41:56',21.20),(1176,1,3,'2025-11-27 10:41:56',51.00),(1177,1,4,'2025-11-27 10:41:56',100.00),(1178,1,5,'2025-11-27 10:41:56',0.00),(1179,1,1,'2025-11-27 10:42:10',32.00),(1180,1,2,'2025-11-27 10:42:10',21.20),(1181,1,3,'2025-11-27 10:42:10',51.00),(1182,1,4,'2025-11-27 10:42:10',100.00),(1183,1,5,'2025-11-27 10:42:10',0.00),(1184,1,1,'2025-11-27 10:42:25',36.00),(1185,1,2,'2025-11-27 10:42:25',21.10),(1186,1,3,'2025-11-27 10:42:25',51.00),(1187,1,4,'2025-11-27 10:42:25',100.00),(1188,1,5,'2025-11-27 10:42:25',0.00),(1189,1,1,'2025-11-27 10:42:40',35.00),(1190,1,2,'2025-11-27 10:42:40',21.10),(1191,1,3,'2025-11-27 10:42:40',51.00),(1192,1,4,'2025-11-27 10:42:40',100.00),(1193,1,5,'2025-11-27 10:42:40',0.00),(1194,1,1,'2025-11-27 10:42:56',33.00),(1195,1,2,'2025-11-27 10:42:56',21.10),(1196,1,3,'2025-11-27 10:42:56',51.00),(1197,1,4,'2025-11-27 10:42:56',100.00),(1198,1,5,'2025-11-27 10:42:56',0.00),(1199,1,1,'2025-11-27 10:43:16',34.00),(1200,1,2,'2025-11-27 10:43:16',21.20),(1201,1,3,'2025-11-27 10:43:16',51.00),(1202,1,4,'2025-11-27 10:43:16',100.00),(1203,1,5,'2025-11-27 10:43:16',0.00),(1204,1,1,'2025-11-27 10:43:26',34.00),(1205,1,2,'2025-11-27 10:43:26',21.20),(1206,1,3,'2025-11-27 10:43:26',51.00),(1207,1,4,'2025-11-27 10:43:26',100.00),(1208,1,5,'2025-11-27 10:43:26',0.00),(1209,1,1,'2025-11-27 10:43:41',33.00),(1210,1,2,'2025-11-27 10:43:41',21.20),(1211,1,3,'2025-11-27 10:43:41',51.00),(1212,1,4,'2025-11-27 10:43:41',100.00),(1213,1,5,'2025-11-27 10:43:41',0.00),(1214,1,1,'2025-11-27 10:43:56',36.00),(1215,1,2,'2025-11-27 10:43:56',21.20),(1216,1,3,'2025-11-27 10:43:56',51.00),(1217,1,4,'2025-11-27 10:43:56',100.00),(1218,1,5,'2025-11-27 10:43:56',0.00),(1219,1,1,'2025-11-27 10:44:11',34.00),(1220,1,2,'2025-11-27 10:44:11',21.20),(1221,1,3,'2025-11-27 10:44:11',51.00),(1222,1,4,'2025-11-27 10:44:11',100.00),(1223,1,5,'2025-11-27 10:44:11',0.00),(1224,1,1,'2025-11-27 10:44:26',35.00),(1225,1,2,'2025-11-27 10:44:26',21.20),(1226,1,3,'2025-11-27 10:44:26',51.00),(1227,1,4,'2025-11-27 10:44:26',100.00),(1228,1,5,'2025-11-27 10:44:26',0.00),(1229,1,1,'2025-11-27 10:44:41',36.00),(1230,1,2,'2025-11-27 10:44:41',21.20),(1231,1,3,'2025-11-27 10:44:41',51.00),(1232,1,4,'2025-11-27 10:44:41',100.00),(1233,1,5,'2025-11-27 10:44:41',0.00),(1234,1,1,'2025-11-27 10:45:09',35.00),(1235,1,2,'2025-11-27 10:45:09',21.20),(1236,1,3,'2025-11-27 10:45:09',51.00),(1237,1,4,'2025-11-27 10:45:09',100.00),(1238,1,5,'2025-11-27 10:45:09',0.00),(1239,1,1,'2025-11-27 10:45:25',35.00),(1240,1,2,'2025-11-27 10:45:25',21.20),(1241,1,3,'2025-11-27 10:45:25',51.00),(1242,1,4,'2025-11-27 10:45:25',100.00),(1243,1,5,'2025-11-27 10:45:25',0.00),(1244,1,1,'2025-11-27 10:45:40',36.00),(1245,1,2,'2025-11-27 10:45:40',21.20),(1246,1,3,'2025-11-27 10:45:40',51.00),(1247,1,4,'2025-11-27 10:45:40',100.00),(1248,1,5,'2025-11-27 10:45:40',0.00),(1249,1,1,'2025-11-27 10:45:55',35.00),(1250,1,2,'2025-11-27 10:45:55',21.30),(1251,1,3,'2025-11-27 10:45:55',51.00),(1252,1,4,'2025-11-27 10:45:55',100.00),(1253,1,5,'2025-11-27 10:45:55',0.00),(1254,1,1,'2025-11-27 10:46:10',31.00),(1255,1,2,'2025-11-27 10:46:10',21.30),(1256,1,3,'2025-11-27 10:46:10',51.00),(1257,1,4,'2025-11-27 10:46:10',100.00),(1258,1,5,'2025-11-27 10:46:10',0.00),(1259,1,1,'2025-11-27 10:46:25',31.00),(1260,1,2,'2025-11-27 10:46:25',21.30),(1261,1,3,'2025-11-27 10:46:25',51.00),(1262,1,4,'2025-11-27 10:46:25',100.00),(1263,1,5,'2025-11-27 10:46:25',0.00),(1264,1,1,'2025-11-27 10:46:40',32.00),(1265,1,2,'2025-11-27 10:46:40',21.30),(1266,1,3,'2025-11-27 10:46:40',51.00),(1267,1,4,'2025-11-27 10:46:40',100.00),(1268,1,5,'2025-11-27 10:46:40',0.00),(1269,1,1,'2025-11-27 10:46:55',31.00),(1270,1,2,'2025-11-27 10:46:55',21.30),(1271,1,3,'2025-11-27 10:46:55',51.00),(1272,1,4,'2025-11-27 10:46:55',100.00),(1273,1,5,'2025-11-27 10:46:55',0.00),(1274,1,1,'2025-11-27 10:47:11',31.00),(1275,1,2,'2025-11-27 10:47:11',21.30),(1276,1,3,'2025-11-27 10:47:11',51.00),(1277,1,4,'2025-11-27 10:47:11',100.00),(1278,1,5,'2025-11-27 10:47:11',0.00),(1279,1,1,'2025-11-27 10:47:25',36.00),(1280,1,2,'2025-11-27 10:47:25',21.40),(1281,1,3,'2025-11-27 10:47:25',51.00),(1282,1,4,'2025-11-27 10:47:25',100.00),(1283,1,5,'2025-11-27 10:47:25',0.00),(1284,1,1,'2025-11-27 10:47:41',34.00),(1285,1,2,'2025-11-27 10:47:41',21.40),(1286,1,3,'2025-11-27 10:47:41',51.00),(1287,1,4,'2025-11-27 10:47:41',100.00),(1288,1,5,'2025-11-27 10:47:41',0.00),(1289,1,1,'2025-11-27 10:47:56',35.00),(1290,1,2,'2025-11-27 10:47:56',21.40),(1291,1,3,'2025-11-27 10:47:56',51.00),(1292,1,4,'2025-11-27 10:47:56',100.00),(1293,1,5,'2025-11-27 10:47:56',0.00),(1294,1,1,'2025-11-27 10:48:11',36.00),(1295,1,2,'2025-11-27 10:48:11',21.40),(1296,1,3,'2025-11-27 10:48:11',51.00),(1297,1,4,'2025-11-27 10:48:11',100.00),(1298,1,5,'2025-11-27 10:48:11',0.00),(1299,1,1,'2025-11-27 10:48:26',19.00),(1300,1,2,'2025-11-27 10:48:26',21.40),(1301,1,3,'2025-11-27 10:48:26',51.00),(1302,1,4,'2025-11-27 10:48:26',100.00),(1303,1,5,'2025-11-27 10:48:26',0.00),(1304,1,1,'2025-11-27 10:48:41',8.00),(1305,1,2,'2025-11-27 10:48:41',21.40),(1306,1,3,'2025-11-27 10:48:41',51.00),(1307,1,4,'2025-11-27 10:48:41',100.00),(1308,1,5,'2025-11-27 10:48:41',0.00),(1309,1,1,'2025-11-27 10:48:56',35.00),(1310,1,2,'2025-11-27 10:48:56',21.50),(1311,1,3,'2025-11-27 10:48:56',51.00),(1312,1,4,'2025-11-27 10:48:56',100.00),(1313,1,5,'2025-11-27 10:48:56',0.00),(1314,1,1,'2025-11-27 10:49:12',35.00),(1315,1,2,'2025-11-27 10:49:12',21.50),(1316,1,3,'2025-11-27 10:49:12',51.00),(1317,1,4,'2025-11-27 10:49:12',100.00),(1318,1,5,'2025-11-27 10:49:12',0.00),(1319,1,1,'2025-11-27 10:49:27',35.00),(1320,1,2,'2025-11-27 10:49:27',21.50),(1321,1,3,'2025-11-27 10:49:27',51.00),(1322,1,4,'2025-11-27 10:49:27',100.00),(1323,1,5,'2025-11-27 10:49:27',0.00),(1324,1,1,'2025-11-27 10:49:42',34.00),(1325,1,2,'2025-11-27 10:49:42',21.60),(1326,1,3,'2025-11-27 10:49:42',51.00),(1327,1,4,'2025-11-27 10:49:42',100.00),(1328,1,5,'2025-11-27 10:49:42',0.00),(1329,1,1,'2025-11-27 10:49:57',35.00),(1330,1,2,'2025-11-27 10:49:57',21.50),(1331,1,3,'2025-11-27 10:49:57',50.00),(1332,1,4,'2025-11-27 10:49:57',100.00),(1333,1,5,'2025-11-27 10:49:57',0.00),(1334,1,1,'2025-11-27 10:50:12',32.00),(1335,1,2,'2025-11-27 10:50:12',21.60),(1336,1,3,'2025-11-27 10:50:12',51.00),(1337,1,4,'2025-11-27 10:50:12',100.00),(1338,1,5,'2025-11-27 10:50:12',0.00),(1339,1,1,'2025-11-27 10:50:27',33.00),(1340,1,2,'2025-11-27 10:50:27',21.60),(1341,1,3,'2025-11-27 10:50:27',51.00),(1342,1,4,'2025-11-27 10:50:27',100.00),(1343,1,5,'2025-11-27 10:50:27',0.00),(1344,1,1,'2025-11-27 10:50:43',33.00),(1345,1,2,'2025-11-27 10:50:43',21.50),(1346,1,3,'2025-11-27 10:50:43',51.00),(1347,1,4,'2025-11-27 10:50:43',100.00),(1348,1,5,'2025-11-27 10:50:43',0.00),(1349,1,1,'2025-11-27 10:50:58',34.00),(1350,1,2,'2025-11-27 10:50:58',21.50),(1351,1,3,'2025-11-27 10:50:58',51.00),(1352,1,4,'2025-11-27 10:50:58',100.00),(1353,1,5,'2025-11-27 10:50:58',0.00),(1354,1,1,'2025-11-27 10:51:12',32.00),(1355,1,2,'2025-11-27 10:51:12',21.50),(1356,1,3,'2025-11-27 10:51:12',51.00),(1357,1,4,'2025-11-27 10:51:12',100.00),(1358,1,5,'2025-11-27 10:51:12',0.00),(1359,1,1,'2025-11-27 10:51:27',32.00),(1360,1,2,'2025-11-27 10:51:27',21.50),(1361,1,3,'2025-11-27 10:51:27',51.00),(1362,1,4,'2025-11-27 10:51:27',100.00),(1363,1,5,'2025-11-27 10:51:27',0.00),(1364,1,1,'2025-11-27 10:51:42',31.00),(1365,1,2,'2025-11-27 10:51:42',21.50),(1366,1,3,'2025-11-27 10:51:42',51.00),(1367,1,4,'2025-11-27 10:51:42',100.00),(1368,1,5,'2025-11-27 10:51:42',0.00),(1369,1,1,'2025-11-27 10:51:58',32.00),(1370,1,2,'2025-11-27 10:51:58',21.50),(1371,1,3,'2025-11-27 10:51:58',51.00),(1372,1,4,'2025-11-27 10:51:58',100.00),(1373,1,5,'2025-11-27 10:51:58',0.00),(1374,1,1,'2025-11-27 10:52:12',31.00),(1375,1,2,'2025-11-27 10:52:12',21.50),(1376,1,3,'2025-11-27 10:52:12',51.00),(1377,1,4,'2025-11-27 10:52:12',100.00),(1378,1,5,'2025-11-27 10:52:12',0.00),(1379,1,1,'2025-11-27 10:52:28',32.00),(1380,1,2,'2025-11-27 10:52:28',21.50),(1381,1,3,'2025-11-27 10:52:28',51.00),(1382,1,4,'2025-11-27 10:52:28',100.00),(1383,1,5,'2025-11-27 10:52:28',0.00),(1384,1,1,'2025-11-27 10:52:43',32.00),(1385,1,2,'2025-11-27 10:52:43',21.50),(1386,1,3,'2025-11-27 10:52:43',51.00),(1387,1,4,'2025-11-27 10:52:43',100.00),(1388,1,5,'2025-11-27 10:52:43',0.00),(1389,1,1,'2025-11-27 10:52:58',31.00),(1390,1,2,'2025-11-27 10:52:58',21.50),(1391,1,3,'2025-11-27 10:52:58',51.00),(1392,1,4,'2025-11-27 10:52:58',100.00),(1393,1,5,'2025-11-27 10:52:58',0.00),(1394,1,1,'2025-11-27 10:53:13',31.00),(1395,1,2,'2025-11-27 10:53:13',21.50),(1396,1,3,'2025-11-27 10:53:13',51.00),(1397,1,4,'2025-11-27 10:53:13',100.00),(1398,1,5,'2025-11-27 10:53:13',0.00),(1399,1,1,'2025-11-27 10:53:28',31.00),(1400,1,2,'2025-11-27 10:53:28',21.50),(1401,1,3,'2025-11-27 10:53:28',51.00),(1402,1,4,'2025-11-27 10:53:28',100.00),(1403,1,5,'2025-11-27 10:53:28',0.00),(1404,1,1,'2025-11-27 10:53:43',30.00),(1405,1,2,'2025-11-27 10:53:43',21.50),(1406,1,3,'2025-11-27 10:53:43',51.00),(1407,1,4,'2025-11-27 10:53:43',100.00),(1408,1,5,'2025-11-27 10:53:43',0.00),(1409,1,1,'2025-11-27 10:53:58',32.00),(1410,1,2,'2025-11-27 10:53:58',21.50),(1411,1,3,'2025-11-27 10:53:58',51.00),(1412,1,4,'2025-11-27 10:53:58',100.00),(1413,1,5,'2025-11-27 10:53:58',0.00),(1414,1,1,'2025-11-27 10:54:14',32.00),(1415,1,2,'2025-11-27 10:54:14',21.50),(1416,1,3,'2025-11-27 10:54:14',51.00),(1417,1,4,'2025-11-27 10:54:14',100.00),(1418,1,5,'2025-11-27 10:54:14',0.00),(1419,1,1,'2025-11-27 10:54:29',31.00),(1420,1,2,'2025-11-27 10:54:29',21.50),(1421,1,3,'2025-11-27 10:54:29',50.00),(1422,1,4,'2025-11-27 10:54:29',100.00),(1423,1,5,'2025-11-27 10:54:29',0.00),(1424,1,1,'2025-11-27 10:54:44',31.00),(1425,1,2,'2025-11-27 10:54:44',21.50),(1426,1,3,'2025-11-27 10:54:44',51.00),(1427,1,4,'2025-11-27 10:54:44',100.00),(1428,1,5,'2025-11-27 10:54:44',0.00),(1429,1,1,'2025-11-27 10:54:59',31.00),(1430,1,2,'2025-11-27 10:54:59',21.50),(1431,1,3,'2025-11-27 10:54:59',51.00),(1432,1,4,'2025-11-27 10:54:59',100.00),(1433,1,5,'2025-11-27 10:54:59',0.00),(1434,1,1,'2025-11-27 11:42:05',37.00),(1435,1,2,'2025-11-27 11:42:05',21.90),(1436,1,3,'2025-11-27 11:42:05',50.00),(1437,1,4,'2025-11-27 11:42:05',100.00),(1438,1,5,'2025-11-27 11:42:05',0.00),(1439,1,1,'2025-11-27 11:42:22',37.00),(1440,1,2,'2025-11-27 11:42:22',21.90),(1441,1,3,'2025-11-27 11:42:22',50.00),(1442,1,4,'2025-11-27 11:42:22',100.00),(1443,1,5,'2025-11-27 11:42:22',0.00),(1444,1,1,'2025-11-27 11:42:36',36.00),(1445,1,2,'2025-11-27 11:42:36',22.00),(1446,1,3,'2025-11-27 11:42:36',50.00),(1447,1,4,'2025-11-27 11:42:36',100.00),(1448,1,5,'2025-11-27 11:42:36',0.00),(1449,1,1,'2025-11-27 11:42:52',29.00),(1450,1,2,'2025-11-27 11:42:52',22.00),(1451,1,3,'2025-11-27 11:42:52',51.00),(1452,1,4,'2025-11-27 11:42:52',100.00),(1453,1,5,'2025-11-27 11:42:52',0.00),(1454,1,1,'2025-11-27 11:43:07',30.00),(1455,1,2,'2025-11-27 11:43:07',22.00),(1456,1,3,'2025-11-27 11:43:07',51.00),(1457,1,4,'2025-11-27 11:43:07',100.00),(1458,1,5,'2025-11-27 11:43:07',0.00),(1459,1,1,'2025-11-27 11:43:21',35.00),(1460,1,2,'2025-11-27 11:43:21',22.00),(1461,1,3,'2025-11-27 11:43:21',50.00),(1462,1,4,'2025-11-27 11:43:21',100.00),(1463,1,5,'2025-11-27 11:43:21',0.00),(1464,1,1,'2025-11-27 11:43:36',45.00),(1465,1,2,'2025-11-27 11:43:36',22.00),(1466,1,3,'2025-11-27 11:43:36',50.00),(1467,1,4,'2025-11-27 11:43:36',100.00),(1468,1,5,'2025-11-27 11:43:36',0.00),(1469,1,1,'2025-11-27 11:43:51',47.00),(1470,1,2,'2025-11-27 11:43:51',22.00),(1471,1,3,'2025-11-27 11:43:51',50.00),(1472,1,4,'2025-11-27 11:43:51',100.00),(1473,1,5,'2025-11-27 11:43:51',0.00),(1474,1,1,'2025-11-27 11:44:06',46.00),(1475,1,2,'2025-11-27 11:44:06',22.00),(1476,1,3,'2025-11-27 11:44:06',50.00),(1477,1,4,'2025-11-27 11:44:06',100.00),(1478,1,5,'2025-11-27 11:44:06',0.00),(1479,1,1,'2025-11-27 11:44:21',28.00),(1480,1,2,'2025-11-27 11:44:21',22.00),(1481,1,3,'2025-11-27 11:44:21',52.00),(1482,1,4,'2025-11-27 11:44:21',100.00),(1483,1,5,'2025-11-27 11:44:21',0.00),(1484,1,1,'2025-11-27 11:44:37',26.00),(1485,1,2,'2025-11-27 11:44:37',22.00),(1486,1,3,'2025-11-27 11:44:37',51.00),(1487,1,4,'2025-11-27 11:44:37',100.00),(1488,1,5,'2025-11-27 11:44:37',0.00),(1489,1,1,'2025-11-27 11:44:52',100.00),(1490,1,2,'2025-11-27 11:44:52',22.00),(1491,1,3,'2025-11-27 11:44:52',50.00),(1492,1,4,'2025-11-27 11:44:52',100.00),(1493,1,5,'2025-11-27 11:44:52',0.00),(1494,1,1,'2025-11-27 11:45:06',100.00),(1495,1,2,'2025-11-27 11:45:06',22.10),(1496,1,3,'2025-11-27 11:45:06',51.00),(1497,1,4,'2025-11-27 11:45:06',100.00),(1498,1,5,'2025-11-27 11:45:06',0.00),(1499,1,1,'2025-11-27 11:45:22',100.00),(1500,1,2,'2025-11-27 11:45:22',22.20),(1501,1,3,'2025-11-27 11:45:22',50.00),(1502,1,4,'2025-11-27 11:45:22',100.00),(1503,1,5,'2025-11-27 11:45:22',0.00),(1504,1,1,'2025-11-27 11:45:38',100.00),(1505,1,2,'2025-11-27 11:45:38',22.20),(1506,1,3,'2025-11-27 11:45:38',50.00),(1507,1,4,'2025-11-27 11:45:38',100.00),(1508,1,5,'2025-11-27 11:45:38',0.00),(1509,1,1,'2025-11-27 11:45:52',100.00),(1510,1,2,'2025-11-27 11:45:52',22.30),(1511,1,3,'2025-11-27 11:45:52',50.00),(1512,1,4,'2025-11-27 11:45:52',100.00),(1513,1,5,'2025-11-27 11:45:52',0.00),(1514,1,1,'2025-11-27 11:46:07',33.00),(1515,1,2,'2025-11-27 11:46:07',22.20),(1516,1,3,'2025-11-27 11:46:07',49.00),(1517,1,4,'2025-11-27 11:46:07',100.00),(1518,1,5,'2025-11-27 11:46:07',0.00),(1519,1,1,'2025-11-27 11:46:22',100.00),(1520,1,2,'2025-11-27 11:46:22',22.30),(1521,1,3,'2025-11-27 11:46:22',51.00),(1522,1,4,'2025-11-27 11:46:22',100.00),(1523,1,5,'2025-11-27 11:46:22',0.00),(1524,1,1,'2025-11-27 12:01:27',38.00),(1525,1,2,'2025-11-27 12:01:27',23.40),(1526,1,3,'2025-11-27 12:01:27',46.00),(1527,1,4,'2025-11-27 12:01:27',92.00),(1528,1,5,'2025-11-27 12:01:27',0.00),(1529,1,1,'2025-11-27 12:01:42',41.00),(1530,1,2,'2025-11-27 12:01:42',23.30),(1531,1,3,'2025-11-27 12:01:42',47.00),(1532,1,4,'2025-11-27 12:01:42',92.00),(1533,1,5,'2025-11-27 12:01:42',0.00),(1534,1,1,'2025-11-27 12:01:57',38.00),(1535,1,2,'2025-11-27 12:01:57',23.20),(1536,1,3,'2025-11-27 12:01:57',46.00),(1537,1,4,'2025-11-27 12:01:57',93.00),(1538,1,5,'2025-11-27 12:01:57',0.00),(1539,1,1,'2025-11-27 12:02:13',38.00),(1540,1,2,'2025-11-27 12:02:13',23.10),(1541,1,3,'2025-11-27 12:02:13',46.00),(1542,1,4,'2025-11-27 12:02:13',92.00),(1543,1,5,'2025-11-27 12:02:13',0.00),(1544,1,1,'2025-11-27 12:02:28',40.00),(1545,1,2,'2025-11-27 12:02:28',23.00),(1546,1,3,'2025-11-27 12:02:28',46.00),(1547,1,4,'2025-11-27 12:02:28',92.00),(1548,1,5,'2025-11-27 12:02:28',0.00),(1549,1,1,'2025-11-27 12:02:44',32.00),(1550,1,2,'2025-11-27 12:02:44',23.00),(1551,1,3,'2025-11-27 12:02:44',46.00),(1552,1,4,'2025-11-27 12:02:44',93.00),(1553,1,5,'2025-11-27 12:02:44',0.00),(1554,1,1,'2025-11-27 12:02:58',31.00),(1555,1,2,'2025-11-27 12:02:58',22.90),(1556,1,3,'2025-11-27 12:02:58',46.00),(1557,1,4,'2025-11-27 12:02:58',92.00),(1558,1,5,'2025-11-27 12:02:58',0.00),(1559,1,1,'2025-11-27 12:03:13',31.00),(1560,1,2,'2025-11-27 12:03:13',22.90),(1561,1,3,'2025-11-27 12:03:13',46.00),(1562,1,4,'2025-11-27 12:03:13',92.00),(1563,1,5,'2025-11-27 12:03:13',0.00),(1564,1,1,'2025-11-27 12:03:29',31.00),(1565,1,2,'2025-11-27 12:03:29',22.80),(1566,1,3,'2025-11-27 12:03:29',47.00),(1567,1,4,'2025-11-27 12:03:29',93.00),(1568,1,5,'2025-11-27 12:03:29',0.00),(1569,1,1,'2025-11-27 12:03:43',35.00),(1570,1,2,'2025-11-27 12:03:43',22.70),(1571,1,3,'2025-11-27 12:03:43',47.00),(1572,1,4,'2025-11-27 12:03:43',93.00),(1573,1,5,'2025-11-27 12:03:43',0.00),(1574,1,1,'2025-11-27 12:03:59',39.00),(1575,1,2,'2025-11-27 12:03:59',22.60),(1576,1,3,'2025-11-27 12:03:59',47.00),(1577,1,4,'2025-11-27 12:03:59',93.00),(1578,1,5,'2025-11-27 12:03:59',0.00),(1579,1,1,'2025-11-27 12:04:15',40.00),(1580,1,2,'2025-11-27 12:04:15',22.60),(1581,1,3,'2025-11-27 12:04:15',47.00),(1582,1,4,'2025-11-27 12:04:15',93.00),(1583,1,5,'2025-11-27 12:04:15',0.00),(1584,1,1,'2025-11-27 12:04:29',38.00),(1585,1,2,'2025-11-27 12:04:29',22.50),(1586,1,3,'2025-11-27 12:04:29',47.00),(1587,1,4,'2025-11-27 12:04:29',93.00),(1588,1,5,'2025-11-27 12:04:29',0.00),(1589,1,1,'2025-11-27 12:04:44',37.00),(1590,1,2,'2025-11-27 12:04:44',22.40),(1591,1,3,'2025-11-27 12:04:44',47.00),(1592,1,4,'2025-11-27 12:04:44',93.00),(1593,1,5,'2025-11-27 12:04:44',0.00),(1594,1,1,'2025-11-27 12:04:59',41.00),(1595,1,2,'2025-11-27 12:04:59',22.40),(1596,1,3,'2025-11-27 12:04:59',47.00),(1597,1,4,'2025-11-27 12:04:59',93.00),(1598,1,5,'2025-11-27 12:04:59',0.00),(1599,1,1,'2025-11-27 12:05:14',41.00),(1600,1,2,'2025-11-27 12:05:14',22.30),(1601,1,3,'2025-11-27 12:05:14',47.00),(1602,1,4,'2025-11-27 12:05:14',93.00),(1603,1,5,'2025-11-27 12:05:14',0.00),(1604,1,1,'2025-11-27 12:05:29',41.00),(1605,1,2,'2025-11-27 12:05:29',22.30),(1606,1,3,'2025-11-27 12:05:29',47.00),(1607,1,4,'2025-11-27 12:05:29',93.00),(1608,1,5,'2025-11-27 12:05:29',0.00),(1609,1,1,'2025-11-27 12:05:44',42.00),(1610,1,2,'2025-11-27 12:05:44',22.20),(1611,1,3,'2025-11-27 12:05:44',48.00),(1612,1,4,'2025-11-27 12:05:44',93.00),(1613,1,5,'2025-11-27 12:05:44',0.00),(1614,1,1,'2025-11-27 12:06:00',42.00),(1615,1,2,'2025-11-27 12:06:00',22.20),(1616,1,3,'2025-11-27 12:06:00',48.00),(1617,1,4,'2025-11-27 12:06:00',93.00),(1618,1,5,'2025-11-27 12:06:00',0.00),(1619,1,1,'2025-11-27 12:06:15',41.00),(1620,1,2,'2025-11-27 12:06:15',22.20),(1621,1,3,'2025-11-27 12:06:15',48.00),(1622,1,4,'2025-11-27 12:06:15',93.00),(1623,1,5,'2025-11-27 12:06:15',0.00),(1624,1,1,'2025-11-27 12:06:29',41.00),(1625,1,2,'2025-11-27 12:06:29',22.10),(1626,1,3,'2025-11-27 12:06:29',48.00),(1627,1,4,'2025-11-27 12:06:29',93.00),(1628,1,5,'2025-11-27 12:06:29',0.00),(1629,1,1,'2025-11-27 12:06:45',40.00),(1630,1,2,'2025-11-27 12:06:45',22.10),(1631,1,3,'2025-11-27 12:06:45',48.00),(1632,1,4,'2025-11-27 12:06:45',93.00),(1633,1,5,'2025-11-27 12:06:45',0.00),(1634,1,1,'2025-11-27 12:07:00',42.00),(1635,1,2,'2025-11-27 12:07:00',22.10),(1636,1,3,'2025-11-27 12:07:00',49.00),(1637,1,4,'2025-11-27 12:07:00',95.00),(1638,1,5,'2025-11-27 12:07:00',0.00),(1639,1,1,'2025-11-27 12:07:15',42.00),(1640,1,2,'2025-11-27 12:07:15',22.20),(1641,1,3,'2025-11-27 12:07:15',49.00),(1642,1,4,'2025-11-27 12:07:15',95.00),(1643,1,5,'2025-11-27 12:07:15',0.00),(1644,1,1,'2025-11-27 12:07:30',40.00),(1645,1,2,'2025-11-27 12:07:30',22.10),(1646,1,3,'2025-11-27 12:07:30',49.00),(1647,1,4,'2025-11-27 12:07:30',96.00),(1648,1,5,'2025-11-27 12:07:30',0.00),(1649,1,1,'2025-11-27 12:39:42',41.00),(1650,1,2,'2025-11-27 12:39:42',23.00),(1651,1,3,'2025-11-27 12:39:42',46.00),(1652,1,4,'2025-11-27 12:39:42',53.00),(1653,1,5,'2025-11-27 12:39:42',0.00),(1654,1,1,'2025-11-27 12:40:03',39.00),(1655,1,2,'2025-11-27 12:40:03',23.00),(1656,1,3,'2025-11-27 12:40:03',46.00),(1657,1,4,'2025-11-27 12:40:03',59.00),(1658,1,5,'2025-11-27 12:40:03',0.00),(1659,1,1,'2025-11-27 12:40:18',45.00),(1660,1,2,'2025-11-27 12:40:18',23.00),(1661,1,3,'2025-11-27 12:40:18',46.00),(1662,1,4,'2025-11-27 12:40:18',61.00),(1663,1,5,'2025-11-27 12:40:18',0.00),(1664,1,1,'2025-11-27 12:40:33',46.00),(1665,1,2,'2025-11-27 12:40:33',22.90),(1666,1,3,'2025-11-27 12:40:33',46.00),(1667,1,4,'2025-11-27 12:40:33',61.00),(1668,1,5,'2025-11-27 12:40:33',0.00),(1669,1,1,'2025-11-27 12:40:48',46.00),(1670,1,2,'2025-11-27 12:40:48',22.80),(1671,1,3,'2025-11-27 12:40:48',46.00),(1672,1,4,'2025-11-27 12:40:48',61.00),(1673,1,5,'2025-11-27 12:40:48',0.00),(1674,1,1,'2025-11-27 12:41:03',46.00),(1675,1,2,'2025-11-27 12:41:03',22.80),(1676,1,3,'2025-11-27 12:41:03',46.00),(1677,1,4,'2025-11-27 12:41:03',61.00),(1678,1,5,'2025-11-27 12:41:03',0.00),(1679,1,1,'2025-11-27 12:41:18',46.00),(1680,1,2,'2025-11-27 12:41:18',22.80),(1681,1,3,'2025-11-27 12:41:18',46.00),(1682,1,4,'2025-11-27 12:41:18',61.00),(1683,1,5,'2025-11-27 12:41:18',1.00),(1684,1,1,'2025-11-27 12:41:33',46.00),(1685,1,2,'2025-11-27 12:41:33',22.70),(1686,1,3,'2025-11-27 12:41:33',46.00),(1687,1,4,'2025-11-27 12:41:33',62.00),(1688,1,5,'2025-11-27 12:41:33',0.00),(1689,1,1,'2025-11-27 12:41:48',47.00),(1690,1,2,'2025-11-27 12:41:48',22.70),(1691,1,3,'2025-11-27 12:41:48',46.00),(1692,1,4,'2025-11-27 12:41:48',63.00),(1693,1,5,'2025-11-27 12:41:48',0.00),(1694,1,1,'2025-11-27 12:42:03',41.00),(1695,1,2,'2025-11-27 12:42:03',22.70),(1696,1,3,'2025-11-27 12:42:03',46.00),(1697,1,4,'2025-11-27 12:42:03',2.00),(1698,1,5,'2025-11-27 12:42:03',0.00),(1699,1,1,'2025-11-29 15:41:58',7.00),(1700,1,2,'2025-11-29 15:41:58',21.70),(1701,1,3,'2025-11-29 15:41:58',36.00),(1702,1,4,'2025-11-29 15:41:58',0.00),(1703,1,5,'2025-11-29 15:41:58',0.00),(1704,1,1,'2025-11-29 16:03:56',6.00),(1705,1,2,'2025-11-29 16:03:56',22.00),(1706,1,3,'2025-11-29 16:03:56',36.00),(1707,1,4,'2025-11-29 16:03:56',0.00),(1708,1,5,'2025-11-29 16:03:56',0.00),(1709,1,1,'2025-11-29 16:04:25',6.00),(1710,1,2,'2025-11-29 16:04:25',22.00),(1711,1,3,'2025-11-29 16:04:25',36.00),(1712,1,4,'2025-11-29 16:04:25',0.00),(1713,1,5,'2025-11-29 16:04:25',0.00);
/*!40000 ALTER TABLE `registro` ENABLE KEYS */;

--
-- Table structure for table `variable`
--

DROP TABLE IF EXISTS `variable`;
/*!40101 SET @saved_cs_client     = @@character_set_client */;
/*!50503 SET character_set_client = utf8mb4 */;
CREATE TABLE `variable` (
  `ID_variable` int NOT NULL AUTO_INCREMENT,
  `Nombre` varchar(50) NOT NULL,
  PRIMARY KEY (`ID_variable`)
) ENGINE=InnoDB AUTO_INCREMENT=6 DEFAULT CHARSET=utf8mb4 COLLATE=utf8mb4_0900_ai_ci;
/*!40101 SET character_set_client = @saved_cs_client */;

--
-- Dumping data for table `variable`
--

/*!40000 ALTER TABLE `variable` DISABLE KEYS */;
INSERT INTO `variable` VALUES (1,'Luz'),(2,'Temperatura'),(3,'Humedad'),(4,'HumedadTierra'),(5,'Movimiento');
/*!40000 ALTER TABLE `variable` ENABLE KEYS */;
/*!40103 SET TIME_ZONE=@OLD_TIME_ZONE */;

/*!40101 SET SQL_MODE=@OLD_SQL_MODE */;
/*!40014 SET FOREIGN_KEY_CHECKS=@OLD_FOREIGN_KEY_CHECKS */;
/*!40014 SET UNIQUE_CHECKS=@OLD_UNIQUE_CHECKS */;
/*!40101 SET CHARACTER_SET_CLIENT=@OLD_CHARACTER_SET_CLIENT */;
/*!40101 SET CHARACTER_SET_RESULTS=@OLD_CHARACTER_SET_RESULTS */;
/*!40101 SET COLLATION_CONNECTION=@OLD_COLLATION_CONNECTION */;
/*!40111 SET SQL_NOTES=@OLD_SQL_NOTES */;

-- Dump completed on 2025-11-29 17:36:28
